brand,avg_price,min_price,max_price,product_count
ABMP Honeycomb,99.0,99.0,99.0,1
ACNE OC,419.0,419.0,419.0,1
AJDK MART,180.0,180.0,180.0,1
AKANSHA Sukhparash,141.0,141.0,141.0,1
AKHAND ENTERPRISE,180.0,180.0,180.0,1
AMB Basin,566.0,566.0,566.0,1
APES Zen,900.0,900.0,900.0,1
AQUASOFT DAY,706.0,706.0,706.0,1
ASUS Chromebook,18656.67,16990.0,20990.0,3
ASUS ExpertBook,63490.0,46990.0,79990.0,2
ASUS Expertbook,59656.67,42990.0,76990.0,3
ASUS TUF,73990.0,73990.0,73990.0,1
ASUS Vivobook,60981.82,50990.0,69990.0,11
Acer,23299.0,23299.0,23299.0,1
Acer Aspire,42762.0,29990.0,55990.0,9
Acer One,39990.0,39990.0,39990.0,1
Acer Smartchoice,38990.0,35990.0,41990.0,2
Ai+ Pulse,10499.0,10499.0,10499.0,2
Akai AKAI,12980.0,12980.0,12980.0,1
Apple,63990.0,63990.0,63990.0,1
Apple iPhone,57900.0,57900.0,57900.0,1
Aqualogica Barrier+,428.0,428.0,428.0,1
Aric Chicken,129.0,129.0,129.0,1
BELLAVITA DATE,225.0,225.0,225.0,1
BESTON,19999.0,13999.0,25999.0,2
BIOTIQUE Morning,425.0,425.0,425.0,1
BLACK+DECKER,16820.0,16820.0,16820.0,1
BUFONA High,336.0,336.0,336.0,1
Balaji flame,178.0,178.0,178.0,1
Bekner,152.0,152.0,152.0,1
Boat Bassheads,299.0,299.0,299.0,1
Boat Rockerz,2124.0,1299.0,2999.0,4
BrowseBook,14790.0,14790.0,14790.0,1
Bush,7999.0,7999.0,7999.0,1
CEUTA Vegetable,248.0,248.0,248.0,1
Casecade Folding,364.0,364.0,364.0,1
CeraVe HA,899.0,899.0,899.0,1
CeraVe Moisturizers,405.0,405.0,405.0,1
Ceramide &,299.0,299.0,299.0,1
Certified,29990.0,29990.0,29990.0,1
Chemist at,359.0,359.0,359.0,1
Clairbell,713.0,713.0,713.0,1
Coocaa,8599.0,8599.0,8599.0,1
Cookzella Oil,109.0,109.0,109.0,1
D-players,262.0,262.0,262.0,1
DAOME,216.0,216.0,216.0,1
Deconstruct Oil-Free,321.0,321.0,321.0,1
Deconstruct Vitamin,379.0,379.0,379.0,1
Dell,57740.0,46990.0,68490.0,2
Dermatouch Ceramide,161.0,161.0,161.0,1
Digimore,1999.0,1999.0,1999.0,1
Dot &,390.2,335.0,426.0,5
Dr Reddy's,830.0,541.0,1119.0,2
Dr Sheth's,310.0,310.0,310.0,1
Dr Sheth’s,330.33,271.0,403.0,3
Dynore,101.0,101.0,101.0,1
EAGLESQUAD AeroPulse,599.0,599.0,599.0,1
EARBUDDY SnapX,276.0,276.0,276.0,1
EBook,14356.0,14356.0,14356.0,1
Eagean,257.0,257.0,257.0,1
Element Multi,239.0,239.0,239.0,1
Emolene,336.21,336.21,336.21,1
Enacfire,268.0,268.0,268.0,1
Episoft AC,610.0,610.0,610.0,1
Excela Oily,500.0,500.0,500.0,1
F FERONS,297.67,297.0,298.0,6
FEEDNIX cut,135.0,135.0,135.0,1
FRONY,485.5,473.0,498.0,2
Faya Ceramic,260.0,260.0,260.0,1
Fixderma Foot,221.0,221.0,221.0,1
Flipkart SmartBuy,175.0,175.0,175.0,1
Foxsky,10424.0,6399.0,13999.0,4
Foxtale Brightening,307.0,307.0,307.0,1
Foxtale Nourishing,282.67,196.0,408.0,3
Foxtale Oil-Balancing,193.0,193.0,193.0,1
Foxtale Super,430.0,430.0,430.0,1
Frontech Earphone,239.0,239.0,239.0,1
GENZEE,595.0,595.0,595.0,1
GOBOULT Fluid,2139.0,1999.0,2399.0,5
Garnier Fresh,218.0,218.0,218.0,1
Glamour World,232.5,222.0,243.0,2
Glamveda Korean,940.0,940.0,940.0,1
HOPPUP,704.0,704.0,704.0,1
HP,51149.22,1785.0,79990.0,9
HP Intel,71990.0,71990.0,71990.0,1
HP MSO,49990.0,49990.0,49990.0,1
HP OMEN,134990.0,134990.0,134990.0,1
HP OmniBook,70990.0,70990.0,70990.0,1
HP Professional,53245.0,46300.0,60190.0,2
HP Smartchoice,86990.0,86990.0,86990.0,1
HP Victus,70490.0,67990.0,72990.0,2
HYPHEN,395.0,395.0,395.0,1
Haier,63490.0,63490.0,63490.0,1
I Kall,7699.0,7699.0,7699.0,1
Infinix,26044.5,9099.0,42990.0,2
Infinix GT,21999.0,21999.0,21999.0,1
JBL Tune,4249.0,2999.0,5499.0,2
Joy Honey,179.0,179.0,179.0,1
Joy Pure,163.0,163.0,163.0,1
Joy Skin,252.0,252.0,252.0,1
Just Herbs,625.0,625.0,625.0,1
Kodak QLED,9499.0,9499.0,9499.0,1
LG,35990.0,35990.0,35990.0,1
LUNATIC CRAFTWORK,117.0,117.0,117.0,1
LUZAX Coconut,135.0,135.0,135.0,1
Lacto Calamine,375.0,375.0,375.0,1
Lakmé Peach,334.5,324.0,345.0,2
Lava Bold,9499.0,9499.0,9499.0,1
Lenovo,31387.4,16298.0,54160.0,5
Lenovo Chromebook,23494.5,14999.0,31990.0,2
Lenovo IdeaPad,69992.0,50990.0,109990.0,5
Lishonn,229.0,229.0,229.0,1
Livvouge Flour,215.0,215.0,215.0,1
Logitech,745.0,745.0,745.0,1
Logitech Zone,9295.0,9295.0,9295.0,1
M Y,129.0,129.0,129.0,1
MISHTINCREATION Multifunctional,169.0,169.0,169.0,1
MONk,647.0,647.0,647.0,1
MOTOROLA,30340.67,10999.0,114999.0,12
MOTOROLA Edge,30249.0,22999.0,33999.0,4
MSI Modern,45990.0,45990.0,45990.0,1
MYOZ,226.5,203.0,250.0,2
Mamaearth Daily,230.5,226.0,235.0,2
Mamaearth Night,544.0,544.0,544.0,1
Mamaearth Rice,284.0,284.0,284.0,1
Mamaearth Tea,283.0,283.0,283.0,1
Mamaearth Ubtan,283.0,283.0,283.0,1
MarQ,15499.0,15499.0,15499.0,1
Marshall Major,9999.0,9999.0,9999.0,1
Mass Pro,268.0,268.0,268.0,1
MasterGogo Bullets,292.0,292.0,292.0,1
Minimalist,284.0,284.0,284.0,1
Minimalist Barrier,331.0,283.0,379.0,2
Minimalist Marula,284.0,284.0,284.0,1
Minimalist Vitamin,236.0,236.0,236.0,1
Missha TIME,3003.0,3003.0,3003.0,1
Moiz Daily,189.0,189.0,189.0,1
NANMOKU Primium,270.0,270.0,270.0,1
NIVEA Body,398.0,398.0,398.0,1
NIVEA Cocoa,310.0,310.0,310.0,1
Neutriderm Moisturising,998.0,998.0,998.0,1
Neutrogena Hydro,850.0,850.0,850.0,1
Noise Two,1699.0,1699.0,1699.0,1
NowExp Silicon,178.0,178.0,178.0,1
OGGN Set,140.0,140.0,140.0,1
OMORTEX,188.0,188.0,188.0,1
OMORTEX Combo,126.0,126.0,126.0,1
OMORTEX masher,154.0,154.0,154.0,1
OPPO,21089.5,18180.0,23999.0,2
OnePlus,57998.0,57998.0,57998.0,1
OnePlus Bullets,1999.0,1999.0,1999.0,1
OnePlus Nord,32572.5,25000.0,42999.0,4
Onida,24499.0,24499.0,24499.0,1
Ovista,498.0,498.0,498.0,1
Ovista WIRED,498.0,498.0,498.0,1
PERSONAL TOUCH,679.0,679.0,679.0,1
POCO,16340.57,8999.0,35999.0,14
PRIVATE CAVE,180.0,180.0,180.0,1
PTron Studio,675.67,649.0,729.0,3
Parasoft Moisturizing,189.0,189.0,189.0,1
Philips,24499.0,13999.0,34999.0,2
Pilgrim,291.0,291.0,291.0,1
Pilgrim Korean,330.0,330.0,330.0,1
Pilgrim Retinol,499.0,499.0,499.0,1
Plum,321.0,321.0,321.0,1
Plum Green,304.0,185.0,423.0,2
Pond's Super,241.0,241.0,241.0,1
Portronics Muffs,1149.0,1149.0,1149.0,1
Primebook,26990.0,26990.0,26990.0,1
PunnkFunnk,924.0,924.0,924.0,1
PunnkFunnk Super,828.0,828.0,828.0,1
Pure Origin,137.0,137.0,137.0,1
Pyarana Straws,104.0,104.0,104.0,1
R.O.A SKINCARE,489.0,489.0,489.0,1
RE' EQUIL,265.0,265.0,265.0,1
REDMI,15648.0,12999.0,19460.0,5
RUSHITA,144.0,130.0,158.0,2
Re'equil CERAMIDE,280.0,280.0,280.0,1
Re'equil OIL,280.0,280.0,280.0,1
Rhydin,71.0,71.0,71.0,1
Ridoy soothing,158.5,150.0,167.0,2
Rosebee Collapsible,157.0,157.0,157.0,1
RoyEnterprise Kitchen,135.0,135.0,135.0,1
Ruby Perl,117.5,117.0,118.0,2
SANCORP,130.0,130.0,130.0,1
SONY,549.0,549.0,549.0,1
SPACE Vegetable,172.0,172.0,172.0,1
SRE Premium,98.0,92.0,104.0,2
Samsung,23980.67,12725.0,44990.0,6
Samsung Crystal,38240.0,31490.0,44990.0,2
Samsung Galaxy,13708.83,9999.0,23499.0,12
Samsung Vision,45990.0,45990.0,45990.0,1
Sansui,12190.0,11990.0,12390.0,2
ShopVee Air,120.0,120.0,120.0,1
Simple Hydrating,186.0,186.0,186.0,1
Simple Kind,334.0,334.0,334.0,1
Simple Water,317.0,317.0,317.0,1
Skinbless Cream,382.0,382.0,382.0,1
Skyplex Chopper,138.0,138.0,138.0,1
Sony,24238.25,549.0,82990.0,4
Sony ULT,14989.0,14989.0,14989.0,1
Sony ZX,899.0,899.0,899.0,1
Spigen Audio,2499.0,2499.0,2499.0,1
SpinBot,1894.0,1894.0,1894.0,1
SpinBot BattleBudz,980.0,980.0,980.0,1
TCL,26790.0,15390.0,34990.0,3
TCL TCL,15490.0,15490.0,15490.0,1
TTDC,426.0,426.0,426.0,1
Techobucks,591.0,591.0,591.0,1
Techobucks Brand,453.0,453.0,453.0,1
Techpunch,296.0,295.0,297.0,2
Techpunch COMFORTABLE,298.0,298.0,298.0,1
Tesla exim,268.0,268.0,268.0,1
Thomson,9899.0,9899.0,9899.0,1
Thomson Phoenix,10299.0,10299.0,10299.0,1
Treadmill SPORTS,297.0,297.0,297.0,1
Treadmill Sport,297.0,297.0,297.0,1
UNDERATED Glow,203.0,203.0,203.0,1
URBANHUDA Premium,380.0,380.0,380.0,1
Uniboom_Optima Series,7590.0,5690.0,9490.0,2
Unique Impex,690.0,690.0,690.0,1
Unix Wireless,823.0,823.0,823.0,1
VEDRID,273.0,273.0,273.0,1
VEKIN HIGH,486.0,486.0,486.0,1
VEKIN Headphone,486.0,486.0,486.0,1
VEWIKZY Face,152.0,152.0,152.0,1
VIJAY EXPORT,161.0,161.0,161.0,1
VSK,199.0,199.0,199.0,1
VW,13641.86,5799.0,24999.0,7
VW Nano,21299.0,21299.0,21299.0,1
VW OptimaX,10849.0,8599.0,13099.0,2
Vellora Creation,164.0,164.0,164.0,1
Veloxi EXIM,240.0,240.0,240.0,1
Vitamin C,299.0,299.0,299.0,1
Vrukie Aluminum,379.0,379.0,379.0,1
Vu,26490.0,26490.0,26490.0,1
Wireless Bluetooth,299.0,299.0,299.0,1
Worricow,464.0,464.0,464.0,1
XIAOMI,14499.0,13999.0,14999.0,2
XIAOMI FX,64999.0,64999.0,64999.0,1
Xiaomi,17832.33,12999.0,26499.0,3
YAROH,466.0,466.0,466.0,1
YAROH Premium,461.0,461.0,461.0,1
Ying Guns,574.0,574.0,574.0,1
Youth Face,378.0,378.0,378.0,1
ZEBRONICS Bro,139.0,139.0,139.0,1
ZEBRONICS Thunder,837.5,776.0,899.0,2
ZEBRONICS Zeb-Duke,1199.0,1199.0,1199.0,1
ZEBRONICS Zeb-Storm,799.0,799.0,799.0,1
ZEBRONICS Zeb-Thunder,849.0,699.0,999.0,2
ZIRAK Premium,223.0,223.0,223.0,1
ZORIADA,180.0,180.0,180.0,1
Zebronics Jet,888.0,888.0,888.0,1
Zebronics Thunder,785.0,749.0,821.0,2
acerpure Nitro,22999.0,22999.0,22999.0,1
boAt Bassheads,899.0,899.0,899.0,1
boAt Rockerz,1622.75,989.0,2799.0,8
chapo,140.5,123.0,158.0,2
chapo Full,87.0,87.0,87.0,1
coocaa,63999.0,63999.0,63999.0,1
cotaryl Cream,120.0,120.0,120.0,1
iFFALCON,19499.0,19499.0,19499.0,1
iQOO,28399.0,14999.0,61999.0,5
kridhrish Metal,207.0,207.0,207.0,1
pTron Studio,723.0,649.0,797.0,2
ramakrishnavan Perfect,150.0,150.0,150.0,1
realme,15124.0,11499.0,20999.0,8
realme NARZO,18165.67,11499.0,23999.0,3
realme TechLife,16161.5,11399.0,22999.0,4
realme narzo,15999.0,15999.0,15999.0,1
sandook Roasting,123.0,123.0,123.0,1
skinclinic STRETCH,360.0,360.0,360.0,1
truke Aura,1199.0,1199.0,1199.0,1
vivo,24099.0,22499.0,26999.0,5
,403.25,180.0,936.0,16
