brand,avg_rating,product_count
RoyEnterprise Kitchen,5.0,1
TCL TCL,5.0,1
Apple,4.8,1
Akai AKAI,4.7,1
AQUASOFT DAY,4.7,1
CeraVe HA,4.7,1
VSK,4.6,1
Apple iPhone,4.6,1
ASUS ExpertBook,4.6,2
PRIVATE CAVE,4.6,1
Techobucks,4.6,1
BELLAVITA DATE,4.5,1
HP OmniBook,4.5,1
HP OMEN,4.5,1
NIVEA Cocoa,4.5,1
OnePlus,4.5,1
Faya Ceramic,4.5,1
AJDK MART,4.5,1
BIOTIQUE Morning,4.4,1
Aqualogica Barrier+,4.4,1
Neutrogena Hydro,4.4,1
NowExp Silicon,4.4,1
Parasoft Moisturizing,4.4,1
Rosebee Collapsible,4.4,1
Lakmé Peach,4.4,2
M Y,4.4,1
MSI Modern,4.4,1
Dermatouch Ceramide,4.4,1
Neutriderm Moisturising,4.4,1
NIVEA Body,4.4,1
LUZAX Coconut,4.4,1
Joy Skin,4.4,1
Foxtale Brightening,4.4,1
Foxtale Super,4.4,1
Joy Honey,4.4,1
Infinix GT,4.4,1
kridhrish Metal,4.4,1
Dr Reddy's,4.4,2
Excela Oily,4.4,1
coocaa,4.4,1
MOTOROLA Edge,4.38,4
vivo,4.36,5
MYOZ,4.35,2
ASUS Expertbook,4.33,3
realme TechLife,4.32,4
OnePlus Nord,4.32,4
Lenovo IdeaPad,4.32,5
Fixderma Foot,4.3,1
Foxtale Oil-Balancing,4.3,1
Dynore,4.3,1
AMB Basin,4.3,1
Episoft AC,4.3,1
HP Intel,4.3,1
Minimalist,4.3,1
Glamour World,4.3,2
HYPHEN,4.3,1
Joy Pure,4.3,1
Marshall Major,4.3,1
Mass Pro,4.3,1
Lishonn,4.3,1
Lacto Calamine,4.3,1
Moiz Daily,4.3,1
Onida,4.3,1
Plum,4.3,1
Digimore,4.3,1
CeraVe Moisturizers,4.3,1
Deconstruct Oil-Free,4.3,1
Ai+ Pulse,4.3,2
AKANSHA Sukhparash,4.3,1
DAOME,4.3,1
Portronics Muffs,4.3,1
Primebook,4.3,1
Pyarana Straws,4.3,1
Vu,4.3,1
Sony ULT,4.3,1
Balaji flame,4.3,1
Spigen Audio,4.3,1
Pond's Super,4.3,1
Ridoy soothing,4.3,1
Simple Water,4.3,1
Samsung Crystal,4.3,2
Simple Hydrating,4.3,1
Simple Kind,4.3,1
RUSHITA,4.3,1
RE' EQUIL,4.3,1
Chemist at,4.3,1
Rhydin,4.3,1
Pilgrim,4.3,1
Pilgrim Retinol,4.3,1
Re'equil CERAMIDE,4.3,1
ASUS Vivobook,4.29,11
Dot &,4.28,5
Sony,4.28,4
MOTOROLA,4.28,12
iQOO,4.28,5
,4.27,15
Uniboom_Optima Series,4.25,2
Dr Sheth’s,4.23,3
realme NARZO,4.23,3
realme,4.21,8
Skinbless Cream,4.2,1
ASUS TUF,4.2,1
boAt Bassheads,4.2,1
Minimalist Marula,4.2,1
Mamaearth Rice,4.2,1
Mamaearth Night,4.2,1
MarQ,4.2,1
Mamaearth Tea,4.2,1
Element Multi,4.2,1
HP MSO,4.2,1
Garnier Fresh,4.2,1
Infinix,4.2,2
I Kall,4.2,1
Minimalist Barrier,4.2,2
cotaryl Cream,4.2,1
iFFALCON,4.2,1
Dr Sheth's,4.2,1
Minimalist Vitamin,4.2,1
Mamaearth Ubtan,4.2,1
OnePlus Bullets,4.2,1
OGGN Set,4.2,1
Philips,4.2,2
Re'equil OIL,4.2,1
Plum Green,4.2,2
Pilgrim Korean,4.2,1
Vitamin C,4.2,1
VW OptimaX,4.2,2
XIAOMI,4.2,2
Vrukie Aluminum,4.2,1
VEWIKZY Face,4.2,1
Bekner,4.2,1
Thomson Phoenix,4.2,1
APES Zen,4.2,1
SpinBot,4.2,1
Casecade Folding,4.2,1
Coocaa,4.2,1
Ying Guns,4.2,1
Foxtale Nourishing,4.17,3
Xiaomi,4.13,3
Boat Rockerz,4.12,4
SANCORP,4.1,1
Lenovo Chromebook,4.1,2
Glamveda Korean,4.1,1
Flipkart SmartBuy,4.1,1
Mamaearth Daily,4.1,2
Foxsky,4.1,4
HP Smartchoice,4.1,1
Just Herbs,4.1,1
realme narzo,4.1,1
Unique Impex,4.1,1
Ceramide &,4.1,1
skinclinic STRETCH,4.1,1
VW Nano,4.1,1
Sony ZX,4.1,1
ShopVee Air,4.1,1
SPACE Vegetable,4.1,1
Samsung,4.1,6
CEUTA Vegetable,4.1,1
Deconstruct Vitamin,4.1,1
OPPO,4.1,2
SONY,4.1,1
boAt Rockerz,4.09,8
Samsung Galaxy,4.07,12
TCL,4.07,3
BESTON,4.05,2
Sansui,4.05,2
Acer Aspire,4.05,6
JBL Tune,4.05,2
POCO,4.03,14
Acer One,4.0,1
acerpure Nitro,4.0,1
Youth Face,4.0,1
ZEBRONICS Thunder,4.0,2
ZORIADA,4.0,1
Boat Bassheads,4.0,1
URBANHUDA Premium,4.0,1
VIJAY EXPORT,4.0,1
Bush,4.0,1
Aric Chicken,4.0,1
Samsung Vision,4.0,1
SRE Premium,4.0,2
OMORTEX Combo,4.0,1
D-players,4.0,1
PERSONAL TOUCH,4.0,1
ZEBRONICS Zeb-Thunder,4.0,2
ZEBRONICS Zeb-Duke,4.0,1
Thomson,4.0,1
UNDERATED Glow,4.0,1
LUNATIC CRAFTWORK,4.0,1
chapo Full,4.0,1
LG,4.0,1
MONk,4.0,1
VW,3.99,7
Lenovo,3.98,5
GOBOULT Fluid,3.96,5
Ruby Perl,3.95,2
pTron Studio,3.95,2
ASUS Chromebook,3.93,3
HP,3.91,8
Treadmill SPORTS,3.9,1
XIAOMI FX,3.9,1
sandook Roasting,3.9,1
Logitech,3.9,1
chapo,3.9,2
Zebronics Jet,3.9,1
Unix Wireless,3.9,1
R.O.A SKINCARE,3.9,1
Dell,3.9,2
PTron Studio,3.9,3
PunnkFunnk Super,3.9,1
OMORTEX,3.9,1
Skyplex Chopper,3.9,1
Pure Origin,3.9,1
ramakrishnavan Perfect,3.9,1
Eagean,3.9,1
Zebronics Thunder,3.85,2
EARBUDDY SnapX,3.8,1
FRONY,3.8,2
F FERONS,3.8,6
OMORTEX masher,3.8,1
PunnkFunnk,3.8,1
Tesla exim,3.8,1
FEEDNIX cut,3.8,1
HP Victus,3.8,2
Kodak QLED,3.8,1
Lava Bold,3.8,1
REDMI,3.76,5
VEKIN Headphone,3.7,1
ZEBRONICS Zeb-Storm,3.7,1
truke Aura,3.7,1
SpinBot BattleBudz,3.7,1
YAROH Premium,3.7,1
VEKIN HIGH,3.7,1
Worricow,3.6,1
YAROH,3.6,1
Noise Two,3.6,1
TTDC,3.6,1
Frontech Earphone,3.6,1
Logitech Zone,3.6,1
Livvouge Flour,3.6,1
Haier,3.6,1
VEDRID,3.6,1
MasterGogo Bullets,3.6,1
HP Professional,3.55,2
HOPPUP,3.5,1
Techpunch COMFORTABLE,3.5,1
Techpunch,3.5,2
BUFONA High,3.5,1
BLACK+DECKER,3.5,1
Enacfire,3.5,1
Ovista,3.5,1
Cookzella Oil,3.5,1
Techobucks Brand,3.5,1
ZEBRONICS Bro,3.5,1
Acer,3.4,1
EBook,3.4,1
Acer Smartchoice,3.3,1
Treadmill Sport,3.3,1
ACNE OC,2.7,1
BrowseBook,2.7,1
Wireless Bluetooth,2.3,1
