brand,mean_price,std_price,product_count,coefficient_of_variation
ABMP Honeycomb,99.0,0.0,1,0.0
ACNE OC,419.0,0.0,1,0.0
AJDK MART,180.0,0.0,1,0.0
AKANSHA Sukhparash,141.0,0.0,1,0.0
AKHAND ENTERPRISE,180.0,0.0,1,0.0
AMB Basin,566.0,0.0,1,0.0
APES Zen,900.0,0.0,1,0.0
AQUASOFT DAY,706.0,0.0,1,0.0
ASUS Chromebook,18656.67,2081.67,3,0.112
ASUS ExpertBook,63490.0,23334.52,2,0.368
ASUS Expertbook,59656.67,17009.8,3,0.285
ASUS TUF,73990.0,0.0,1,0.0
ASUS Vivobook,60981.82,6613.98,11,0.108
Acer,23299.0,0.0,1,0.0
Acer Aspire,42762.0,9326.35,9,0.218
Acer One,39990.0,0.0,1,0.0
Acer Smartchoice,38990.0,4242.64,2,0.109
Ai+ Pulse,10499.0,0.0,2,0.0
Akai AKAI,12980.0,0.0,1,0.0
Apple,63990.0,0.0,1,0.0
Apple iPhone,57900.0,0.0,1,0.0
Aqualogica Barrier+,428.0,0.0,1,0.0
Aric Chicken,129.0,0.0,1,0.0
BELLAVITA DATE,225.0,0.0,1,0.0
BESTON,19999.0,8485.28,2,0.424
BIOTIQUE Morning,425.0,0.0,1,0.0
BLACK+DECKER,16820.0,0.0,1,0.0
BUFONA High,336.0,0.0,1,0.0
Balaji flame,178.0,0.0,1,0.0
Bekner,152.0,0.0,1,0.0
Boat Bassheads,299.0,0.0,1,0.0
Boat Rockerz,2124.0,953.5,4,0.449
BrowseBook,14790.0,0.0,1,0.0
Bush,7999.0,0.0,1,0.0
CEUTA Vegetable,248.0,0.0,1,0.0
Casecade Folding,364.0,0.0,1,0.0
CeraVe HA,899.0,0.0,1,0.0
CeraVe Moisturizers,405.0,0.0,1,0.0
Ceramide &,299.0,0.0,1,0.0
Certified,29990.0,0.0,1,0.0
Chemist at,359.0,0.0,1,0.0
Clairbell,713.0,0.0,1,0.0
Coocaa,8599.0,0.0,1,0.0
Cookzella Oil,109.0,0.0,1,0.0
D-players,262.0,0.0,1,0.0
DAOME,216.0,0.0,1,0.0
Deconstruct Oil-Free,321.0,0.0,1,0.0
Deconstruct Vitamin,379.0,0.0,1,0.0
Dell,57740.0,15202.8,2,0.263
Dermatouch Ceramide,161.0,0.0,1,0.0
Digimore,1999.0,0.0,1,0.0
Dot &,390.2,48.14,5,0.123
Dr Reddy's,830.0,408.71,2,0.492
Dr Sheth's,310.0,0.0,1,0.0
Dr Sheth’s,330.33,67.0,3,0.203
Dynore,101.0,0.0,1,0.0
EAGLESQUAD AeroPulse,599.0,0.0,1,0.0
EARBUDDY SnapX,276.0,0.0,1,0.0
EBook,14356.0,0.0,1,0.0
Eagean,257.0,0.0,1,0.0
Element Multi,239.0,0.0,1,0.0
Emolene,336.21,0.0,1,0.0
Enacfire,268.0,0.0,1,0.0
Episoft AC,610.0,0.0,1,0.0
Excela Oily,500.0,0.0,1,0.0
F FERONS,297.67,0.52,6,0.002
FEEDNIX cut,135.0,0.0,1,0.0
FRONY,485.5,17.68,2,0.036
Faya Ceramic,260.0,0.0,1,0.0
Fixderma Foot,221.0,0.0,1,0.0
Flipkart SmartBuy,175.0,0.0,1,0.0
Foxsky,10424.0,3302.9,4,0.317
Foxtale Brightening,307.0,0.0,1,0.0
Foxtale Nourishing,282.67,111.16,3,0.393
Foxtale Oil-Balancing,193.0,0.0,1,0.0
Foxtale Super,430.0,0.0,1,0.0
Frontech Earphone,239.0,0.0,1,0.0
GENZEE,595.0,0.0,1,0.0
GOBOULT Fluid,2139.0,194.94,5,0.091
Garnier Fresh,218.0,0.0,1,0.0
Glamour World,232.5,14.85,2,0.064
Glamveda Korean,940.0,0.0,1,0.0
HOPPUP,704.0,0.0,1,0.0
HP,51149.22,22921.95,9,0.448
HP Intel,71990.0,0.0,1,0.0
HP MSO,49990.0,0.0,1,0.0
HP OMEN,134990.0,0.0,1,0.0
HP OmniBook,70990.0,0.0,1,0.0
HP Professional,53245.0,9821.71,2,0.184
HP Smartchoice,86990.0,0.0,1,0.0
HP Victus,70490.0,3535.53,2,0.05
HYPHEN,395.0,0.0,1,0.0
Haier,63490.0,0.0,1,0.0
I Kall,7699.0,0.0,1,0.0
Infinix,26044.5,23964.56,2,0.92
Infinix GT,21999.0,0.0,1,0.0
JBL Tune,4249.0,1767.77,2,0.416
Joy Honey,179.0,0.0,1,0.0
Joy Pure,163.0,0.0,1,0.0
Joy Skin,252.0,0.0,1,0.0
Just Herbs,625.0,0.0,1,0.0
Kodak QLED,9499.0,0.0,1,0.0
LG,35990.0,0.0,1,0.0
LUNATIC CRAFTWORK,117.0,0.0,1,0.0
LUZAX Coconut,135.0,0.0,1,0.0
Lacto Calamine,375.0,0.0,1,0.0
Lakmé Peach,334.5,14.85,2,0.044
Lava Bold,9499.0,0.0,1,0.0
Lenovo,31387.4,17061.77,5,0.544
Lenovo Chromebook,23494.5,12014.45,2,0.511
Lenovo IdeaPad,69992.0,26055.81,5,0.372
Lishonn,229.0,0.0,1,0.0
Livvouge Flour,215.0,0.0,1,0.0
Logitech,745.0,0.0,1,0.0
Logitech Zone,9295.0,0.0,1,0.0
M Y,129.0,0.0,1,0.0
MISHTINCREATION Multifunctional,169.0,0.0,1,0.0
MONk,647.0,0.0,1,0.0
MOTOROLA,30340.67,32917.26,12,1.085
MOTOROLA Edge,30249.0,5188.13,4,0.172
MSI Modern,45990.0,0.0,1,0.0
MYOZ,226.5,33.23,2,0.147
Mamaearth Daily,230.5,6.36,2,0.028
Mamaearth Night,544.0,0.0,1,0.0
Mamaearth Rice,284.0,0.0,1,0.0
Mamaearth Tea,283.0,0.0,1,0.0
Mamaearth Ubtan,283.0,0.0,1,0.0
MarQ,15499.0,0.0,1,0.0
Marshall Major,9999.0,0.0,1,0.0
Mass Pro,268.0,0.0,1,0.0
MasterGogo Bullets,292.0,0.0,1,0.0
Minimalist,284.0,0.0,1,0.0
Minimalist Barrier,331.0,67.88,2,0.205
Minimalist Marula,284.0,0.0,1,0.0
Minimalist Vitamin,236.0,0.0,1,0.0
Missha TIME,3003.0,0.0,1,0.0
Moiz Daily,189.0,0.0,1,0.0
NANMOKU Primium,270.0,0.0,1,0.0
NIVEA Body,398.0,0.0,1,0.0
NIVEA Cocoa,310.0,0.0,1,0.0
Neutriderm Moisturising,998.0,0.0,1,0.0
Neutrogena Hydro,850.0,0.0,1,0.0
Noise Two,1699.0,0.0,1,0.0
NowExp Silicon,178.0,0.0,1,0.0
OGGN Set,140.0,0.0,1,0.0
OMORTEX,188.0,0.0,1,0.0
OMORTEX Combo,126.0,0.0,1,0.0
OMORTEX masher,154.0,0.0,1,0.0
OPPO,21089.5,4114.65,2,0.195
OnePlus,57998.0,0.0,1,0.0
OnePlus Bullets,1999.0,0.0,1,0.0
OnePlus Nord,32572.5,8128.14,4,0.25
Onida,24499.0,0.0,1,0.0
Ovista,498.0,0.0,1,0.0
Ovista WIRED,498.0,0.0,1,0.0
PERSONAL TOUCH,679.0,0.0,1,0.0
POCO,16340.57,6589.89,14,0.403
PRIVATE CAVE,180.0,0.0,1,0.0
PTron Studio,675.67,46.19,3,0.068
Parasoft Moisturizing,189.0,0.0,1,0.0
Philips,24499.0,14849.24,2,0.606
Pilgrim,291.0,0.0,1,0.0
Pilgrim Korean,330.0,0.0,1,0.0
Pilgrim Retinol,499.0,0.0,1,0.0
Plum,321.0,0.0,1,0.0
Plum Green,304.0,168.29,2,0.554
Pond's Super,241.0,0.0,1,0.0
Portronics Muffs,1149.0,0.0,1,0.0
Primebook,26990.0,0.0,1,0.0
PunnkFunnk,924.0,0.0,1,0.0
PunnkFunnk Super,828.0,0.0,1,0.0
Pure Origin,137.0,0.0,1,0.0
Pyarana Straws,104.0,0.0,1,0.0
R.O.A SKINCARE,489.0,0.0,1,0.0
RE' EQUIL,265.0,0.0,1,0.0
REDMI,15648.0,3205.98,5,0.205
RUSHITA,144.0,19.8,2,0.138
Re'equil CERAMIDE,280.0,0.0,1,0.0
Re'equil OIL,280.0,0.0,1,0.0
Rhydin,71.0,0.0,1,0.0
Ridoy soothing,158.5,12.02,2,0.076
Rosebee Collapsible,157.0,0.0,1,0.0
RoyEnterprise Kitchen,135.0,0.0,1,0.0
Ruby Perl,117.5,0.71,2,0.006
SANCORP,130.0,0.0,1,0.0
SONY,549.0,0.0,1,0.0
SPACE Vegetable,172.0,0.0,1,0.0
SRE Premium,98.0,8.49,2,0.087
Samsung,23980.67,11883.6,6,0.496
Samsung Crystal,38240.0,9545.94,2,0.25
Samsung Galaxy,13708.83,4113.36,12,0.3
Samsung Vision,45990.0,0.0,1,0.0
Sansui,12190.0,282.84,2,0.023
ShopVee Air,120.0,0.0,1,0.0
Simple Hydrating,186.0,0.0,1,0.0
Simple Kind,334.0,0.0,1,0.0
Simple Water,317.0,0.0,1,0.0
Skinbless Cream,382.0,0.0,1,0.0
Skyplex Chopper,138.0,0.0,1,0.0
Sony,24238.25,39320.64,4,1.622
Sony ULT,14989.0,0.0,1,0.0
Sony ZX,899.0,0.0,1,0.0
Spigen Audio,2499.0,0.0,1,0.0
SpinBot,1894.0,0.0,1,0.0
SpinBot BattleBudz,980.0,0.0,1,0.0
TCL,26790.0,10184.3,3,0.38
TCL TCL,15490.0,0.0,1,0.0
TTDC,426.0,0.0,1,0.0
Techobucks,591.0,0.0,1,0.0
Techobucks Brand,453.0,0.0,1,0.0
Techpunch,296.0,1.41,2,0.005
Techpunch COMFORTABLE,298.0,0.0,1,0.0
Tesla exim,268.0,0.0,1,0.0
Thomson,9899.0,0.0,1,0.0
Thomson Phoenix,10299.0,0.0,1,0.0
Treadmill SPORTS,297.0,0.0,1,0.0
Treadmill Sport,297.0,0.0,1,0.0
UNDERATED Glow,203.0,0.0,1,0.0
URBANHUDA Premium,380.0,0.0,1,0.0
Uniboom_Optima Series,7590.0,2687.01,2,0.354
Unique Impex,690.0,0.0,1,0.0
Unix Wireless,823.0,0.0,1,0.0
VEDRID,273.0,0.0,1,0.0
VEKIN HIGH,486.0,0.0,1,0.0
VEKIN Headphone,486.0,0.0,1,0.0
VEWIKZY Face,152.0,0.0,1,0.0
VIJAY EXPORT,161.0,0.0,1,0.0
VSK,199.0,0.0,1,0.0
VW,13641.86,6233.47,7,0.457
VW Nano,21299.0,0.0,1,0.0
VW OptimaX,10849.0,3181.98,2,0.293
Vellora Creation,164.0,0.0,1,0.0
Veloxi EXIM,240.0,0.0,1,0.0
Vitamin C,299.0,0.0,1,0.0
Vrukie Aluminum,379.0,0.0,1,0.0
Vu,26490.0,0.0,1,0.0
Wireless Bluetooth,299.0,0.0,1,0.0
Worricow,464.0,0.0,1,0.0
XIAOMI,14499.0,707.11,2,0.049
XIAOMI FX,64999.0,0.0,1,0.0
Xiaomi,17832.33,7522.19,3,0.422
YAROH,466.0,0.0,1,0.0
YAROH Premium,461.0,0.0,1,0.0
Ying Guns,574.0,0.0,1,0.0
Youth Face,378.0,0.0,1,0.0
ZEBRONICS Bro,139.0,0.0,1,0.0
ZEBRONICS Thunder,837.5,86.97,2,0.104
ZEBRONICS Zeb-Duke,1199.0,0.0,1,0.0
ZEBRONICS Zeb-Storm,799.0,0.0,1,0.0
ZEBRONICS Zeb-Thunder,849.0,212.13,2,0.25
ZIRAK Premium,223.0,0.0,1,0.0
ZORIADA,180.0,0.0,1,0.0
Zebronics Jet,888.0,0.0,1,0.0
Zebronics Thunder,785.0,50.91,2,0.065
acerpure Nitro,22999.0,0.0,1,0.0
boAt Bassheads,899.0,0.0,1,0.0
boAt Rockerz,1622.75,564.12,8,0.348
chapo,140.5,24.75,2,0.176
chapo Full,87.0,0.0,1,0.0
coocaa,63999.0,0.0,1,0.0
cotaryl Cream,120.0,0.0,1,0.0
iFFALCON,19499.0,0.0,1,0.0
iQOO,28399.0,19488.46,5,0.686
kridhrish Metal,207.0,0.0,1,0.0
pTron Studio,723.0,104.65,2,0.145
ramakrishnavan Perfect,150.0,0.0,1,0.0
realme,15124.0,3461.52,8,0.229
realme NARZO,18165.67,6291.53,3,0.346
realme TechLife,16161.5,5711.59,4,0.353
realme narzo,15999.0,0.0,1,0.0
sandook Roasting,123.0,0.0,1,0.0
skinclinic STRETCH,360.0,0.0,1,0.0
truke Aura,1199.0,0.0,1,0.0
vivo,24099.0,1884.14,5,0.078
